"Description: ",""
"Station: ","porto_alegre"
"Latitude: ","-30.05361111"
"Longitude: ","-51.17472221"
"Climpact_version: ","3.2.0"
"Date_of_calculation: ","2024-08-15"
Year,Prec,TX,TN
2008,11,6,5
2009,2,1,0
2010,1,0,0
2011,3,0,1
2012,1,0,0
2013,8,5,6
2014,3,0,0
2015,1,0,0
2016,10,5,6
2017,4,1,2
2018,0,0,0
2019,1,0,0
2020,0,0,0
2021,5,4,3
2022,1,0,0
2023,6,0,1
2024,214,213,213
