"Description: ",""
"Station: ","Uruguaiana"
"Latitude: ","-29.83999999"
"Longitude: ","-57.08194443"
"Climpact_version: ","3.2.0"
"Date_of_calculation: ","2024-08-16"
Year,Prec,TX,TN
2008,13,8,8
2009,3,1,0
2010,1,0,0
2011,2,0,0
2012,40,38,37
2013,1,0,1
2014,0,0,0
2015,0,0,0
2016,112,110,109
2017,10,1,1
2018,26,3,2
2019,1,1,1
2020,58,34,35
2021,5,4,3
2022,0,0,0
2023,6,0,0
2024,217,213,213
