"Description: ",""
"Station: ","São Gabriel"
"Latitude: ","-30.34138888"
"Longitude: ","-54.31083333"
"Climpact_version: ","3.2.0"
"Date_of_calculation: ","2024-08-16"
Year,Prec,TX,TN
2008,2,1,1
2009,3,1,1
2010,1,0,0
2011,2,0,0
2012,40,38,38
2013,1,1,1
2014,6,5,6
2015,3,0,0
2016,94,91,90
2017,0,0,0
2018,45,0,0
2019,0,0,0
2020,0,0,0
2021,6,6,6
2022,78,75,75
2023,80,44,62
2024,217,216,216
