"Description: ",""
"Station: ","Santa Maria"
"Latitude: ","-29.72499999"
"Longitude: ","-53.72055554"
"Climpact_version: ","3.2.0"
"Date_of_calculation: ","2024-08-16"
Year,Prec,TX,TN
2008,4,3,2
2009,6,1,1
2010,5,3,3
2011,49,47,46
2012,31,19,15
2013,1,0,1
2014,37,35,34
2015,0,0,0
2016,0,0,0
2017,0,0,0
2018,28,1,0
2019,1,1,1
2020,83,80,80
2021,7,6,5
2022,3,0,0
2023,6,0,0
2024,231,223,223
